Chr,Start,End,Ref,Alt,Func.refGene,Gene.refGene,GeneDetail.refGene,ExonicFunc.refGene,AAChange.refGene,1000G_ALL,1000G_AFR,1000G_AMR,1000G_EAS,1000G_EUR,1000G_SAS,ExAC_Freq,ExAC_AFR,ExAC_AMR,ExAC_EAS,ExAC_FIN,ExAC_NFE,ExAC_OTH,ExAC_SAS,ESP6500si_ALL,ESP6500si_AA,ESP6500si_EA,CG46,NCI60,dbSNP,COSMIC_ID,COSMIC_DIS,ClinVar_SIG,ClinVar_DIS,ClinVar_ID,ClinVar_DB,ClinVar_DBID,GWAS_DIS,GWAS_OR,GWAS_BETA,GWAS_PUBMED,GWAS_SNP,GWAS_P,SIFT_score,SIFT_converted_rankscore,SIFT_pred,Polyphen2_HDIV_score,Polyphen2_HDIV_rankscore,Polyphen2_HDIV_pred,Polyphen2_HVAR_score,Polyphen2_HVAR_rankscore,Polyphen2_HVAR_pred,LRT_score,LRT_converted_rankscore,LRT_pred,MutationTaster_score,MutationTaster_converted_rankscore,MutationTaster_pred,MutationAssessor_score,MutationAssessor_score_rankscore,MutationAssessor_pred,FATHMM_score,FATHMM_converted_rankscore,FATHMM_pred,PROVEAN_score,PROVEAN_converted_rankscore,PROVEAN_pred,VEST3_score,VEST3_rankscore,MetaSVM_score,MetaSVM_rankscore,MetaSVM_pred,MetaLR_score,MetaLR_rankscore,MetaLR_pred,M-CAP_score,M-CAP_rankscore,M-CAP_pred,CADD_raw,CADD_raw_rankscore,CADD_phred,DANN_score,DANN_rankscore,fathmm-MKL_coding_score,fathmm-MKL_coding_rankscore,fathmm-MKL_coding_pred,Eigen_coding_or_noncoding,Eigen-raw,Eigen-PC-raw,GenoCanyon_score,GenoCanyon_score_rankscore,integrated_fitCons_score,integrated_fitCons_score_rankscore,integrated_confidence_value,GERP++_RS,GERP++_RS_rankscore,phyloP100way_vertebrate,phyloP100way_vertebrate_rankscore,phyloP20way_mammalian,phyloP20way_mammalian_rankscore,phastCons100way_vertebrate,phastCons100way_vertebrate_rankscore,phastCons20way_mammalian,phastCons20way_mammalian_rankscore,SiPhy_29way_logOdds,SiPhy_29way_logOdds_rankscore,Interpro_domain,GTEx_V6_gene,GTEx_V6_tissue,gnomAD_exome_ALL,gnomAD_exome_AFR,gnomAD_exome_AMR,gnomAD_exome_ASJ,gnomAD_exome_EAS,gnomAD_exome_FIN,gnomAD_exome_NFE,gnomAD_exome_OTH,gnomAD_exome_SAS,gnomAD_genome_ALL,gnomAD_genome_AFR,gnomAD_genome_AMR,gnomAD_genome_ASJ,gnomAD_genome_EAS,gnomAD_genome_FIN,gnomAD_genome_NFE,gnomAD_genome_OTH,Otherinfo,Otherinfo,Otherinfo,Otherinfo,Otherinfo,Otherinfo,Otherinfo,Otherinfo,Otherinfo,Otherinfo,Otherinfo,Otherinfo,Otherinfo
1,69270,69270,A,G,exonic,OR4F5,,synonymous SNV,OR4F5:NM_001005484:exon1:c.A180G:p.S60S,.,.,.,.,.,.,0.6433,0.2923,0.6316,0.9828,0.7857,0.8339,0.6667,0.8664,.,.,.,.,0.3,rs201219564,COSM5424184,1(haematopoietic_and_lymphoid_tissue),.,.,.,.,.,.,.,.,.,.,.,.,.,.,.,.,.,.,.,.,.,.,.,.,.,.,.,.,.,.,.,.,.,.,.,.,.,.,.,.,.,.,.,.,.,.,.,.,.,.,.,.,.,.,.,.,.,.,.,.,.,.,.,.,.,.,.,.,.,.,.,.,.,.,.,.,.,0.8327,0.3603,0.7916,0.8434,0.9983,0.877,0.9112,0.8481,0.9018,0.6626,0.3936,0.75,0.9444,0.9971,0.9447,0.8717,0.8878,hom,1317.77,630,1,69270,rs201219564,A,G,1317.77,.,AC=2;AF=1.00;AN=2;DB;DP=630;Dels=0.00;FS=0.000;HaplotypeScore=0.0000;MLEAC=2;MLEAF=1.00;MQ=7.62;MQ0=582;QD=2.09,GT:AD:DP:GQ:PL,"1/1:495,134:630:99:1346,129,0"
1,69511,69511,A,G,exonic,OR4F5,,nonsynonymous SNV,OR4F5:NM_001005484:exon1:c.A421G:p.T141A,.,.,.,.,.,.,0.9394,0.5942,0.9507,0.9994,0.9907,0.9716,0.9597,0.9832,0.76,0.54,0.89,0.8,0.51,rs2691305,COSM4144171,1(thyroid),.,.,.,.,.,.,.,.,.,.,.,0.652,0.048,T,0,0.026,B,0,0.013,B,0,0.445,N,1,0.189,P,-0.855,0.015,N,1.26,0.363,T,1.54,0.007,N,0.012,0.001,-0.997,0.308,T,0,0,T,.,.,.,-0.784,0.041,0.047,0.454,0.035,0.003,0.017,N,c,-1.45,-1.341,0,0.012,0.487,0.133,0,1.15,0.198,-0.684,0.052,-0.132,0.111,0,0.063,0.765,0.326,4.198,0.098,GPCR\x2c rhodopsin-like\x2c 7TM,.,.,0.9506,0.6074,0.9508,0.9779,0.9995,0.9915,0.9728,0.9499,0.9854,0.8422,0.5887,0.941,0.9672,1,0.9918,0.9638,0.9404,hom,2385.77,122,1,69511,rs75062661,A,G,2385.77,.,AC=2;AF=1.00;AN=2;BaseQRankSum=0.331;DB;DP=122;Dels=0.00;FS=0.000;HaplotypeScore=4.3605;MLEAC=2;MLEAF=1.00;MQ=29.00;MQ0=17;MQRankSum=-1.732;QD=19.56;ReadPosRankSum=1.148,GT:AD:DP:GQ:PL,"1/1:1,120:122:99:2414,195,0"
1,69897,69897,T,C,exonic,OR4F5,,synonymous SNV,OR4F5:NM_001005484:exon1:c.T807C:p.S269S,0.69,0.41,0.63,0.88,0.79,0.81,0.7637,0.4206,0.7778,0.9688,.,0.9125,0.8333,0.9815,.,.,.,.,0.066,rs200676709,COSM5424370,1(haematopoietic_and_lymphoid_tissue),.,.,.,.,.,.,.,.,.,.,.,.,.,.,.,.,.,.,.,.,.,.,.,.,.,.,.,.,.,.,.,.,.,.,.,.,.,.,.,.,.,.,.,.,.,.,.,.,.,.,.,.,.,.,.,.,.,.,.,.,.,.,.,.,.,.,.,.,.,.,.,.,.,.,.,.,.,0.7165,0.3116,0.6707,0.8132,0.7765,0.8693,0.8442,0.7639,0.8051,0.4913,0.3096,0.5143,0.7333,0.5752,0.7593,0.6598,0.6195,hom,618.1,494,1,69897,rs200676709,T,C,618.1,.,AC=2;AF=1.00;AN=2;BaseQRankSum=-1.273;DB;DP=494;Dels=0.00;FS=7.005;HaplotypeScore=0.0000;MLEAC=2;MLEAF=1.00;MQ=6.72;MQ0=467;MQRankSum=0.579;QD=1.25;ReadPosRankSum=-0.116,GT:AD:DP:GQ:PL,"1/1:402,91:494:11:646,11,0"
1,881627,881627,G,A,exonic,NOC2L,,synonymous SNV,NOC2L:NM_015658:exon16:c.C1843T:p.L615L,0.44,0.064,0.44,0.62,0.63,0.57,0.5653,0.1397,0.484,0.656,0.6221,0.6283,0.5737,0.5648,0.47,0.16,0.64,0.42,0.52,rs2272757,COSM1344685,1(thyroid);1(large_intestine),.,.,.,.,.,.,.,.,.,.,.,.,.,.,.,.,.,.,.,.,.,.,.,.,.,.,.,.,.,.,.,.,.,.,.,.,.,.,.,.,.,.,.,.,.,.,.,.,.,.,.,.,.,.,.,.,.,.,.,.,.,.,.,.,.,.,.,.,.,.,.,.,.,.,.,.,.,0.5703,0.1305,0.4852,0.5441,0.6577,0.6262,0.6355,0.5652,0.565,0.4889,0.1429,0.4844,0.5265,0.6751,0.6175,0.6336,0.5855,hom,2728.77,102,1,881627,rs2272757,G,A,2728.77,.,AC=2;AF=1.00;AN=2;DB;DP=102;Dels=0.00;FS=0.000;HaplotypeScore=6.4180;MLEAC=2;MLEAF=1.00;MQ=57.80;MQ0=0;QD=26.75,GT:AD:DP:GQ:PL,"1/1:0,102:102:99:2757,223,0"
1,887801,887801,A,G,exonic,NOC2L,,synonymous SNV,NOC2L:NM_015658:exon10:c.T1182C:p.T394T,0.92,0.91,0.92,0.92,0.95,0.92,0.9355,0.9094,0.9558,0.9127,0.9599,0.9406,0.9521,0.9184,0.93,0.91,0.94,0.91,0.87,rs3828047,COSM426785,1(thyroid),.,.,.,.,.,.,.,.,.,.,.,.,.,.,.,.,.,.,.,.,.,.,.,.,.,.,.,.,.,.,.,.,.,.,.,.,.,.,.,.,.,.,.,.,.,.,.,.,.,.,.,.,.,.,.,.,.,.,.,.,.,.,.,.,.,.,.,.,.,.,.,.,.,.,.,.,.,0.9378,0.9077,0.9545,0.9346,0.9111,0.9603,0.9417,0.9395,0.9198,0.935,0.9086,0.9487,0.9238,0.9097,0.9598,0.9459,0.9479,hom,1471.77,43,1,887801,rs3828047,A,G,1471.77,.,AC=2;AF=1.00;AN=2;DB;DP=43;Dels=0.00;FS=0.000;HaplotypeScore=0.6651;MLEAC=2;MLEAF=1.00;MQ=56.05;MQ0=0;QD=34.23,GT:AD:DP:GQ:PL,"1/1:0,43:43:99:1500,114,0"
1,888639,888639,T,C,exonic,NOC2L,,synonymous SNV,NOC2L:NM_015658:exon9:c.A918G:p.E306E,0.92,0.91,0.92,0.92,0.95,0.92,0.9356,0.9096,0.9558,0.9124,0.9601,0.9407,0.9511,0.9184,0.93,0.91,0.94,0.91,0.87,rs3748596,COSM4144218,1(thyroid),.,.,.,.,.,.,.,.,.,.,.,.,.,.,.,.,.,.,.,.,.,.,.,.,.,.,.,.,.,.,.,.,.,.,.,.,.,.,.,.,.,.,.,.,.,.,.,.,.,.,.,.,.,.,.,.,.,.,.,.,.,.,.,.,.,.,.,.,.,.,.,.,.,.,.,.,.,0.9379,0.9078,0.9546,0.9346,0.911,0.9605,0.9418,0.9397,0.9197,0.9348,0.9086,0.9487,0.9238,0.91,0.9599,0.9456,0.9481,hom,1929.77,60,1,888639,rs3748596,T,C,1929.77,.,AC=2;AF=1.00;AN=2;DB;DP=60;Dels=0.00;FS=0.000;HaplotypeScore=3.9737;MLEAC=2;MLEAF=1.00;MQ=51.05;MQ0=0;QD=32.16,GT:AD:DP:GQ:PL,"1/1:0,59:60:99:1958,153,0"
1,888659,888659,T,C,exonic,NOC2L,,nonsynonymous SNV,NOC2L:NM_015658:exon9:c.A898G:p.I300V,0.92,0.91,0.92,0.92,0.95,0.92,0.9355,0.9096,0.9557,0.9126,0.96,0.9407,0.9509,0.9183,0.93,0.91,0.94,0.91,0.87,rs3748597,COSM4144219,1(thyroid),.,.,.,.,.,.,.,.,.,.,.,1,0.01,T,0,0.026,B,0,0.013,B,0.07,0.216,N,1,0.09,P,-1.56,0.005,N,-0.39,0.692,T,0.76,0.02,N,0.031,0.089,-0.957,0.397,T,0,0,T,.,.,.,-1.33,0.021,0.004,0.237,0.01,0.042,0.096,N,c,-1.383,-1.178,0.029,0.139,0.672,0.522,0,4.28,0.5,0.037,0.136,0.016,0.142,0.009,0.18,0.143,0.203,7.695,0.276,Armadillo-type fold,ENSG00000188976.6|ENSG00000187583.6|ENSG00000187961.9|ENSG00000188976.6|ENSG00000187583.6|ENSG00000188976.6|ENSG00000188976.6|ENSG00000187961.9|ENSG00000188976.6|ENSG00000188976.6|ENSG00000187583.6,Adipose_Subcutaneous|Cells_Transformed_fibroblasts|Cells_Transformed_fibroblasts|Lung|Lung|Nerve_Tibial|Pancreas|Pancreas|Skin_Sun_Exposed_Lower_leg|Thyroid|Whole_Blood,0.9378,0.9079,0.9546,0.9347,0.911,0.9604,0.9417,0.9396,0.9197,0.9348,0.9086,0.9487,0.9238,0.91,0.9599,0.9455,0.948,hom,1596.77,47,1,888659,rs3748597,T,C,1596.77,.,AC=2;AF=1.00;AN=2;DB;DP=47;Dels=0.00;FS=0.000;HaplotypeScore=2.7157;MLEAC=2;MLEAF=1.00;MQ=54.35;MQ0=0;QD=33.97,GT:AD:DP:GQ:PL,"1/1:0,47:47:99:1625,132,0"
1,897325,897325,G,C,exonic,KLHL17,,synonymous SNV,KLHL17:NM_198317:exon4:c.G609C:p.A203A,0.86,0.7,0.88,0.92,0.94,0.92,0.9077,0.721,0.9401,0.9079,0.9345,0.9261,0.9283,0.9161,0.86,0.73,0.93,0.77,0.85,rs4970441,COSM3997700,1(haematopoietic_and_lymphoid_tissue),.,.,.,.,.,.,.,.,.,.,.,.,.,.,.,.,.,.,.,.,.,.,.,.,.,.,.,.,.,.,.,.,.,.,.,.,.,.,.,.,.,.,.,.,.,.,.,.,.,.,.,.,.,.,.,.,.,.,.,.,.,.,.,.,.,.,.,.,.,.,.,.,.,.,.,.,.,0.913,0.7136,0.9368,0.9157,0.906,0.937,0.9282,0.9124,0.9168,0.8705,0.717,0.926,0.904,0.9035,0.9382,0.9325,0.9325,hom,401.77,13,1,897325,rs4970441,G,C,401.77,.,AC=2;AF=1.00;AN=2;DB;DP=13;Dels=0.00;FS=0.000;HaplotypeScore=0.9933;MLEAC=2;MLEAF=1.00;MQ=60.00;MQ0=0;QD=30.91,GT:AD:DP:GQ:PL,"1/1:0,13:13:36:430,36,0"
1,899824,899824,C,T,exonic,KLHL17,,synonymous SNV,KLHL17:NM_198317:exon11:c.C1614T:p.N538N,0.0022,.,0.0014,0.001,0.006,0.0031,0.0031,0.0005,0.0056,0,0,0.0043,0,0.003,0.0023,0.0002,0.0033,.,.,rs201807567,.,.,.,.,.,.,.,.,.,.,.,.,.,.,.,.,.,.,.,.,.,.,.,.,.,.,.,.,.,.,.,.,.,.,.,.,.,.,.,.,.,.,.,.,.,.,.,.,.,.,.,.,.,.,.,.,.,.,.,.,.,.,.,.,.,.,.,.,.,.,.,.,.,.,.,.,.,.,.,0.0051,0.0007,0.0008,0,9.75E-05,0.0297,0.0036,0.004,0.0027,0.0052,0.0008,0.0012,0,0.0006,0.0226,0.0043,0.0082,het,33.77,9,1,899824,rs201807567,C,T,33.77,.,AC=1;AF=0.500;AN=2;BaseQRankSum=-0.736;DB;DP=9;Dels=0.00;FS=0.000;HaplotypeScore=0.0000;MLEAC=1;MLEAF=0.500;MQ=60.00;MQ0=0;MQRankSum=0.736;QD=3.75;ReadPosRankSum=0.736,GT:AD:DP:GQ:PL,"0/1:3,5:9:30:62,0,30"
1,909238,909238,G,C,exonic,PLEKHN1,,nonsynonymous SNV,"PLEKHN1:NM_001160184:exon13:c.G1355C:p.R452P,PLEKHN1:NM_032129:exon14:c.G1460C:p.R487P",0.78,0.82,0.69,0.89,0.62,0.83,0.6685,0.789,0.6912,0.8778,0.5664,0.5916,0.6964,0.812,0.65,0.78,0.58,0.84,0.45,rs3829740,COSM3751449;COSM3751448,1(large_intestine),.,.,.,.,.,.,.,.,.,.,.,0.195,0.244,T,0,0.026,B,0,0.013,B,0.414,0.13,N,1,0.09,P,-1.32,0.007,N,0.99,0.418,T,1.54,0.007,N,0.035,0.088,-1.043,0.165,T,0,0,T,.,.,.,1.098,0.2,11.2,0.505,0.043,0.001,0.005,N,c,-1.283,-1.227,0.009,0.118,0.646,0.45,0,2.45,0.288,-0.431,0.07,-0.4,0.062,0,0.063,0.008,0.104,2.65,0.047,.,ENSG00000169962.4|ENSG00000187642.5,Testis|Testis,0.6685,0.7893,0.6978,0.6988,0.8786,0.5648,0.5857,0.6773,0.8111,0.6498,0.7752,0.6909,0.6689,0.867,0.5611,0.5739,0.6066,hom,653.77,21,1,909238,rs3829740,G,C,653.77,.,AC=2;AF=1.00;AN=2;DB;DP=21;Dels=0.00;FS=0.000;HaplotypeScore=0.8667;MLEAC=2;MLEAF=1.00;MQ=58.61;MQ0=0;QD=31.13,GT:AD:DP:GQ:PL,"1/1:0,20:21:54:682,54,0"
1,909309,909309,T,C,exonic,PLEKHN1,,nonsynonymous SNV,"PLEKHN1:NM_001160184:exon13:c.T1426C:p.S476P,PLEKHN1:NM_032129:exon14:c.T1531C:p.S511P",0.25,0.24,0.22,0.28,0.18,0.35,0.2271,0.2576,0.2285,0.2589,0.2348,0.1889,0.2483,0.3365,0.19,0.24,0.17,0.23,0.16,rs3829738,COSM4144242;COSM4144243,1(haematopoietic_and_lymphoid_tissue);1(thyroid);1(large_intestine),.,.,.,.,.,.,.,.,.,.,.,0.224,0.191,T,0,0.067,B,0.001,0.04,B,0.668,0.06,N,1,0.09,P,0.69,0.17,N,0.6,0.56,T,-0.87,0.27,N,0.066,0.072,-1.044,0.16,T,0,0,T,.,.,.,-1.076,0.029,0.011,0.542,0.05,0.004,0.021,N,c,-1.41,-1.551,0.997,0.349,0.554,0.283,0,-7.66,0.011,0.076,0.145,0.802,0.324,0.001,0.137,0.018,0.13,0.972,0.013,.,ENSG00000188290.6|ENSG00000187642.5,Esophagus_Muscularis|Testis,0.2223,0.2571,0.2228,0.2067,0.2575,0.2126,0.1832,0.2362,0.3319,0.2118,0.2484,0.2196,0.2152,0.2447,0.2149,0.1858,0.209,het,128.77,15,1,909309,rs3829738,T,C,128.77,.,AC=1;AF=0.500;AN=2;BaseQRankSum=0.101;DB;DP=15;Dels=0.00;FS=0.000;HaplotypeScore=0.0000;MLEAC=1;MLEAF=0.500;MQ=60.00;MQ0=0;MQRankSum=0.312;QD=8.58;ReadPosRankSum=-0.935,GT:AD:DP:GQ:PL,"0/1:7,8:15:99:157,0,184"
1,935222,935222,C,A,exonic,HES4,,nonsynonymous SNV,HES4:NM_001142467:exon1:c.G132T:p.R44S,0.49,0.036,0.63,0.77,0.59,0.63,0.6611,0.2017,0.7607,0.8113,0.6551,0.6485,0.6488,0.6798,0.44,0.14,0.57,0.3,.,rs2298214,COSM3749076,2(thyroid);7(large_intestine),.,.,.,.,.,.,.,.,.,.,.,0.959,0.021,T,0.011,0.147,B,0.001,0.04,B,.,.,.,1,0.197,P,.,.,.,0.38,0.576,T,-0.05,0.078,N,0.013,0.002,-0.935,0.434,T,0,0,T,.,.,.,-0.761,0.042,0.052,0.334,0.02,0.051,0.108,N,c,-1.555,-1.618,1,0.747,0.437,0.062,0,-3.54,0.043,-0.582,0.059,0.407,0.275,0,0.063,0.044,0.16,0.639,0.007,.,ENSG00000272512.1|ENSG00000272512.1|ENSG00000272512.1|ENSG00000272512.1|ENSG00000272512.1|ENSG00000272512.1|ENSG00000272512.1|ENSG00000272512.1|ENSG00000272512.1|ENSG00000272512.1|ENSG00000272512.1|ENSG00000272512.1|ENSG00000272512.1|ENSG00000272512.1|ENSG00000187583.6|ENSG00000272512.1|ENSG00000272512.1|ENSG00000272512.1|ENSG00000272512.1|ENSG00000272512.1|ENSG00000272512.1|ENSG00000272512.1|ENSG00000272512.1|ENSG00000272512.1|ENSG00000272512.1|ENSG00000272512.1|ENSG00000272512.1|ENSG00000272512.1|ENSG00000272512.1|ENSG00000272512.1|ENSG00000188290.6,Adipose_Subcutaneous|Adipose_Visceral_Omentum|Adrenal_Gland|Artery_Aorta|Artery_Coronary|Artery_Tibial|Brain_Caudate_basal_ganglia|Brain_Cerebellum|Brain_Nucleus_accumbens_basal_ganglia|Breast_Mammary_Tissue|Cells_Transformed_fibroblasts|Colon_Sigmoid|Colon_Transverse|Esophagus_Gastroesophageal_Junction|Esophagus_Mucosa|Esophagus_Mucosa|Esophagus_Muscularis|Heart_Atrial_Appendage|Lung|Nerve_Tibial|Ovary|Pancreas|Pituitary|Skin_Not_Sun_Exposed_Suprapubic|Skin_Sun_Exposed_Lower_leg|Small_Intestine_Terminal_Ileum|Spleen|Stomach|Thyroid|Uterus|Whole_Blood,0.6138,0.1205,0.7147,0.6332,0.7851,0.5575,0.5959,0.5961,0.6621,0.4461,0.1072,0.6695,0.6267,0.7621,0.5362,0.5659,0.5557,hom,48.74,4,1,935222,rs2298214,C,A,48.74,.,AC=2;AF=1.00;AN=2;BaseQRankSum=1.026;DB;DP=4;Dels=0.00;FS=0.000;HaplotypeScore=0.6651;MLEAC=2;MLEAF=1.00;MQ=60.00;MQ0=0;MQRankSum=1.026;QD=12.19;ReadPosRankSum=-1.026,GT:AD:DP:GQ:PL,"1/1:2,2:4:6:76,6,0"
1,949654,949654,A,G,exonic,ISG15,,synonymous SNV,ISG15:NM_005101:exon2:c.A294G:p.V98V,0.83,0.51,0.92,0.93,0.95,0.96,0.9122,0.5636,0.9528,0.9254,0.9472,0.9446,0.9202,0.9501,0.82,0.57,0.95,0.69,0.83,rs8997,COSM3773520,1(kidney),.,.,.,.,.,.,.,.,.,.,.,.,.,.,.,.,.,.,.,.,.,.,.,.,.,.,.,.,.,.,.,.,.,.,.,.,.,.,.,.,.,.,.,.,.,.,.,.,.,.,.,.,.,.,.,.,.,.,.,.,.,.,.,.,.,.,.,.,.,.,.,.,.,.,.,.,.,0.9197,0.5601,0.9467,0.8977,0.9256,0.9504,0.9477,0.9193,0.9492,0.8403,0.565,0.9308,0.9139,0.9216,0.9519,0.9528,0.9357,hom,1666.77,55,1,949654,rs8997,A,G,1666.77,.,AC=2;AF=1.00;AN=2;DB;DP=55;Dels=0.00;FS=0.000;HaplotypeScore=0.7340;MLEAC=2;MLEAF=1.00;MQ=60.00;MQ0=0;QD=30.30,GT:AD:DP:GQ:PL,"1/1:0,55:55:99:1695,135,0"
1,981931,981931,A,G,exonic,AGRN,,synonymous SNV,AGRN:NM_198576:exon18:c.A3066G:p.S1022S,0.8,0.46,0.89,0.96,0.91,0.91,0.8767,0.513,0.9312,0.9649,0.9266,0.9018,0.8983,0.889,0.78,0.53,0.91,0.2,0.73,rs2465128,COSM1126908,1(prostate);2(thyroid);2(large_intestine),Benign,not_specified,RCV000116259.3,MedGen,CN169374,.,.,.,.,.,.,.,.,.,.,.,.,.,.,.,.,.,.,.,.,.,.,.,.,.,.,.,.,.,.,.,.,.,.,.,.,.,.,.,.,.,.,.,.,.,.,.,.,.,.,.,.,.,.,.,.,.,.,.,.,.,.,.,.,.,.,.,.,.,.,.,.,0.8872,0.4965,0.9296,0.8882,0.9679,0.9317,0.9055,0.8859,0.8882,0.8061,0.5008,0.9093,0.8841,0.9654,0.9337,0.9223,0.8979,hom,315.77,11,1,981931,rs2465128,A,G,315.77,.,AC=2;AF=1.00;AN=2;DB;DP=11;Dels=0.00;FS=0.000;HaplotypeScore=0.0000;MLEAC=2;MLEAF=1.00;MQ=60.00;MQ0=0;QD=28.71,GT:AD:DP:GQ:PL,"1/1:0,11:11:30:344,30,0"
1,982994,982994,T,C,exonic,AGRN,,synonymous SNV,AGRN:NM_198576:exon21:c.T3558C:p.F1186F,0.84,0.52,0.9,1,0.92,0.97,0.8989,0.5354,0.942,0.9995,0.949,0.9151,0.9256,0.9543,0.79,0.54,0.92,0.72,0.86,rs10267,COSM4144271,1(thyroid),Benign,not_specified,RCV000116264.3,MedGen,CN169374,.,.,.,.,.,.,.,.,.,.,.,.,.,.,.,.,.,.,.,.,.,.,.,.,.,.,.,.,.,.,.,.,.,.,.,.,.,.,.,.,.,.,.,.,.,.,.,.,.,.,.,.,.,.,.,.,.,.,.,.,.,.,.,.,.,.,.,.,.,.,.,.,0.9089,0.5239,0.9387,0.9222,0.9994,0.9533,0.9164,0.9101,0.9525,0.8239,0.5275,0.9248,0.9272,0.9981,0.9599,0.9313,0.9226,hom,819.77,24,1,982994,rs10267,T,C,819.77,.,AC=2;AF=1.00;AN=2;DB;DP=24;Dels=0.00;FS=0.000;HaplotypeScore=0.0000;MLEAC=2;MLEAF=1.00;MQ=60.00;MQ0=0;QD=34.16,GT:AD:DP:GQ:PL,"1/1:1,23:24:66:848,66,0"
1,984302,984302,T,C,exonic,AGRN,,synonymous SNV,AGRN:NM_198576:exon24:c.T4161C:p.T1387T,0.55,0.24,0.66,0.83,0.56,0.57,0.6295,0.3853,0.7571,0.8435,0.6654,0.6388,0.5748,0.5753,0.46,0.28,0.55,0.45,0.16,rs9442391,.,.,Benign,not_specified,RCV000116269.3,MedGen,CN169374,.,.,.,.,.,.,.,.,.,.,.,.,.,.,.,.,.,.,.,.,.,.,.,.,.,.,.,.,.,.,.,.,.,.,.,.,.,.,.,.,.,.,.,.,.,.,.,.,.,.,.,.,.,.,.,.,.,.,.,.,.,.,.,.,.,.,.,.,.,.,.,.,0.5885,0.2706,0.7058,0.5628,0.82,0.543,0.5656,0.5773,0.5592,0.4931,0.2867,0.6854,0.5612,0.7985,0.5415,0.5528,0.5552,hom,377.77,15,1,984302,rs9442391,T,C,377.77,.,AC=2;AF=1.00;AN=2;DB;DP=15;Dels=0.00;FS=0.000;HaplotypeScore=0.6651;MLEAC=2;MLEAF=1.00;MQ=60.00;MQ0=0;QD=25.18,GT:AD:DP:GQ:PL,"1/1:0,15:15:33:406,33,0"
1,1021346,1021346,A,G,exonic,C1orf159,,synonymous SNV,"C1orf159:NM_017891:exon7:c.T357C:p.I119I,C1orf159:NM_001330306:exon9:c.T465C:p.I155I",0.18,0.24,0.13,0.12,0.18,0.19,0.1701,0.2481,0.0883,0.0964,0.2396,0.1722,0.2067,0.1787,0.19,0.24,0.16,0.21,.,rs10907177,COSM4416537;COSM4416536;COSM4416535,1(haematopoietic_and_lymphoid_tissue),.,.,.,.,.,.,.,.,.,.,.,.,.,.,.,.,.,.,.,.,.,.,.,.,.,.,.,.,.,.,.,.,.,.,.,.,.,.,.,.,.,.,.,.,.,.,.,.,.,.,.,.,.,.,.,.,.,.,.,.,.,.,.,.,.,.,.,.,.,.,.,.,.,.,.,.,.,0.1663,0.2522,0.0984,0.2164,0.0939,0.2374,0.164,0.1861,0.1754,0.1959,0.2501,0.1122,0.2616,0.0914,0.2347,0.1704,0.1888,het,1282.77,85,1,1021346,rs10907177,A,G,1282.77,.,AC=1;AF=0.500;AN=2;BaseQRankSum=-0.118;DB;DP=85;Dels=0.00;FS=13.190;HaplotypeScore=4.6206;MLEAC=1;MLEAF=0.500;MQ=60.00;MQ0=0;MQRankSum=0.517;QD=15.09;ReadPosRankSum=-0.783,GT:AD:DP:GQ:PL,"0/1:39,46:85:99:1311,0,1054"
1,1153073,1153073,G,A,exonic,SDF4,,nonsynonymous SNV,SDF4:NM_016547:exon7:c.C1024T:p.R342C,0.0004,.,.,0.002,.,.,0.0002,0,8.66E-05,0.0021,0,0,0,6.06E-05,.,.,.,.,.,rs199825378,.,.,.,.,.,.,.,.,.,.,.,.,.,0.004,0.654,D,0.001,0.067,B,0.001,0.04,B,.,.,.,1,0.09,N,.,.,.,2.5,0.144,T,-2.15,0.486,N,0.02,0.004,-0.989,0.329,T,0.027,0.115,T,0.001,0.023,T,0.179,0.111,4.46,0.993,0.575,0.009,0.035,N,c,-0.756,-0.993,0.997,0.348,0.707,0.73,0,-3.4,0.045,-0.112,0.107,-0.696,0.038,0,0.063,0.002,0.062,13.174,0.589,EF-hand domain|EF-hand domain pair,.,.,0.0002,6.56E-05,5.96E-05,0,0.0018,4.51E-05,0,0.0002,3.25E-05,0.0001,0.0002,0,0,0.0012,0,0,0,het,465.77,34,1,1153073,rs199825378,G,A,465.77,.,AC=1;AF=0.500;AN=2;BaseQRankSum=1.403;DB;DP=34;Dels=0.00;FS=0.000;HaplotypeScore=0.9997;MLEAC=1;MLEAF=0.500;MQ=60.00;MQ0=0;MQRankSum=-1.048;QD=13.70;ReadPosRankSum=-0.415,GT:AD:DP:GQ:PL,"0/1:17,17:34:99:494,0,503"
1,1153113,1153113,G,A,exonic,SDF4,,synonymous SNV,SDF4:NM_016547:exon7:c.C984T:p.L328L,0.13,0.11,0.088,0.25,0.1,0.1,0.1143,0.1126,0.0615,0.2488,0.1423,0.1088,0.1128,0.093,0.11,0.1,0.11,0.13,0.082,rs12036216,COSM5505520,1(biliary_tract),.,.,.,.,.,.,.,.,.,.,.,.,.,.,.,.,.,.,.,.,.,.,.,.,.,.,.,.,.,.,.,.,.,.,.,.,.,.,.,.,.,.,.,.,.,.,.,.,.,.,.,.,.,.,.,.,.,.,.,.,.,.,.,.,.,.,.,.,.,.,.,.,.,.,.,.,.,0.1104,0.1093,0.0605,0.0734,0.2469,0.1374,0.108,0.1113,0.0903,0.1208,0.1039,0.0646,0.0894,0.2515,0.1372,0.1172,0.1074,het,386.77,27,1,1153113,rs12036216,G,A,386.77,.,AC=1;AF=0.500;AN=2;BaseQRankSum=0.935;DB;DP=27;Dels=0.00;FS=1.885;HaplotypeScore=1.6637;MLEAC=1;MLEAF=0.500;MQ=60.00;MQ0=0;MQRankSum=1.402;QD=14.32;ReadPosRankSum=-0.200,GT:AD:DP:GQ:PL,"0/1:11,16:27:99:415,0,242"
1,1158631,1158631,A,G,exonic,SDF4,,synonymous SNV,"SDF4:NM_016176:exon4:c.T570C:p.D190D,SDF4:NM_016547:exon4:c.T570C:p.D190D",0.95,1,0.93,1,0.86,0.96,0.9166,0.9825,0.9568,0.9998,0.8569,0.8864,0.9106,0.9499,0.92,0.98,0.89,0.96,0.79,rs6603781,COSM3750257;COSM3750258,1(thyroid);1(large_intestine),.,.,.,.,.,.,.,.,.,.,.,.,.,.,.,.,.,.,.,.,.,.,.,.,.,.,.,.,.,.,.,.,.,.,.,.,.,.,.,.,.,.,.,.,.,.,.,.,.,.,.,.,.,.,.,.,.,.,.,.,.,.,.,.,.,.,.,.,.,.,.,.,.,.,.,.,.,0.9139,0.984,0.9513,0.8566,0.9998,0.8533,0.8881,0.8982,0.9484,0.9219,0.982,0.9379,0.8278,1,0.8543,0.8957,0.9134,hom,4390.77,132,1,1158631,rs6603781,A,G,4390.77,.,AC=2;AF=1.00;AN=2;DB;DP=132;Dels=0.00;FS=0.000;HaplotypeScore=2.8933;MLEAC=2;MLEAF=1.00;MQ=60.33;MQ0=0;QD=33.26,GT:AD:DP:GQ:PL,"1/1:0,132:132:99:4419,352,0"
1,1178245,1178245,C,T,exonic,C1QTNF12,,synonymous SNV,C1QTNF12:NM_001014980:exon7:c.G780A:p.T260T,0.18,0.33,0.086,0.16,0.094,0.14,0.1248,0.3041,0.0827,0.1854,0.1208,0.0964,0.1093,0.1276,0.14,0.23,0.092,0.16,0.057,rs11260566,COSM1747662,1(urinary_tract);1(prostate);1(thyroid),.,.,.,.,.,.,.,.,.,.,.,.,.,.,.,.,.,.,.,.,.,.,.,.,.,.,.,.,.,.,.,.,.,.,.,.,.,.,.,.,.,.,.,.,.,.,.,.,.,.,.,.,.,.,.,.,.,.,.,.,.,.,.,.,.,.,.,.,.,.,.,.,.,.,.,.,.,0.1175,0.3028,0.0823,0.0776,0.1778,0.1175,0.0955,0.1079,0.1247,0.1633,0.296,0.099,0.0861,0.1918,0.1204,0.1021,0.1041,het,153.77,28,1,1178245,rs11260566,C,T,153.77,.,AC=1;AF=0.500;AN=2;BaseQRankSum=-1.072;DB;DP=28;Dels=0.00;FS=0.000;HaplotypeScore=1.6671;MLEAC=1;MLEAF=0.500;MQ=60.00;MQ0=0;MQRankSum=-0.214;QD=5.49;ReadPosRankSum=-0.704,GT:AD:DP:GQ:PL,"0/1:19,8:28:99:182,0,517"
1,1178482,1178482,A,G,exonic,C1QTNF12,,nonsynonymous SNV,C1QTNF12:NM_001014980:exon6:c.T691C:p.C231R,0.18,0.34,0.091,0.17,0.096,0.15,0.1723,0.3521,0.154,0.2462,0.193,0.1426,0.1531,0.1428,0.15,0.28,0.087,0.24,0.016,rs78555129,.,.,.,.,.,.,.,.,.,.,.,.,.,1,0.01,T,0,0.026,B,0,0.013,B,0,0.843,N,0.18,0.347,P,-3.08,0,N,1.07,0.396,T,6.14,0,N,0.077,0.068,-0.95,0.41,T,0,0,T,.,.,.,-1.2,0.025,0.007,0.162,0.004,0.01,0.036,N,c,-1.419,-1.279,0.098,0.163,0.646,0.45,0,3.4,0.379,2.096,0.411,0.082,0.19,0.99,0.367,0.001,0.043,7.064,0.242,C1q domain|Tumour necrosis factor-like domain,ENSG00000235098.4|ENSG00000225905.1|ENSG00000235098.4|ENSG00000235098.4|ENSG00000176022.3|ENSG00000078808.12|ENSG00000235098.4|ENSG00000235098.4|ENSG00000176022.3|ENSG00000225905.1|ENSG00000235098.4|ENSG00000176022.3|ENSG00000078808.12|ENSG00000186891.9,Adipose_Subcutaneous|Adipose_Subcutaneous|Artery_Aorta|Cells_Transformed_fibroblasts|Cells_Transformed_fibroblasts|Cells_Transformed_fibroblasts|Esophagus_Muscularis|Nerve_Tibial|Nerve_Tibial|Ovary|Ovary|Skin_Sun_Exposed_Lower_leg|Testis|Whole_Blood,0.106,0.2823,0.0774,0.0758,0.1594,0.1108,0.0842,0.1006,0.1192,0.1662,0.3059,0.1026,0.0861,0.1891,0.1203,0.1027,0.1049,het,57.77,25,1,1178482,rs78555129,A,G,57.77,.,AC=1;AF=0.500;AN=2;BaseQRankSum=-1.065;DB;DP=25;Dels=0.00;FS=2.445;HaplotypeScore=2.3298;MLEAC=1;MLEAF=0.500;MQ=60.00;MQ0=0;MQRankSum=-0.324;QD=2.31;ReadPosRankSum=0.602,GT:AD:DP:GQ:PL,"0/1:18,5:25:86:86,0,355"
1,1178925,1178925,G,A,exonic,C1QTNF12,,nonsynonymous SNV,C1QTNF12:NM_001014980:exon5:c.C539T:p.A180V,0.13,0.15,0.068,0.17,0.094,0.15,0.1283,0.16,0.1404,0.2242,0.1667,0.1091,0.1187,0.1285,0.096,0.13,0.082,0.054,0.016,rs12093154,.,.,.,.,.,.,.,.,.,.,.,.,.,0.157,0.24,T,0.705,0.4,P,0.359,0.413,B,0,0.481,D,0.001,0.454,P,2.485,0.726,M,0.85,0.471,T,-2.59,0.558,D,0.15,0.178,-1.071,0.092,T,0,0.001,T,.,.,.,3.761,0.509,23.3,0.996,0.731,0.923,0.55,D,c,0.157,0.121,1,0.517,0.646,0.45,0,3.98,0.452,7.839,0.849,1.047,0.674,1,0.715,0.012,0.117,11.855,0.515,C1q domain|Tumour necrosis factor-like domain,ENSG00000078808.12|ENSG00000235098.4|ENSG00000235098.4|ENSG00000078808.12,Cells_Transformed_fibroblasts|Esophagus_Muscularis|Nerve_Tibial|Testis,0.1045,0.135,0.0714,0.072,0.1744,0.1189,0.095,0.0914,0.1256,0.1157,0.1342,0.0813,0.0728,0.1879,0.12,0.1002,0.098,het,201.77,14,1,1178925,rs12093154,G,A,201.77,.,AC=1;AF=0.500;AN=2;BaseQRankSum=-0.289;DB;DP=14;Dels=0.00;FS=0.000;HaplotypeScore=0.9867;MLEAC=1;MLEAF=0.500;MQ=60.00;MQ0=0;MQRankSum=0.289;QD=14.41;ReadPosRankSum=0.000,GT:AD:DP:GQ:PL,"0/1:6,8:14:99:230,0,122"
1,1247494,1247494,T,C,exonic,INTS11,,synonymous SNV,"INTS11:NM_001256462:exon14:c.A1347G:p.P449P,INTS11:NM_001256463:exon14:c.A1338G:p.P446P,INTS11:NM_017871:exon16:c.A1641G:p.P547P,INTS11:NM_001256460:exon17:c.A1554G:p.P518P,INTS11:NM_001256456:exon18:c.A1659G:p.P553P",0.32,0.092,0.44,0.019,0.81,0.34,0.5898,0.1992,0.3975,0.0192,0.6814,0.7867,0.6221,0.3996,0.6,0.2,0.81,0.21,0.4,rs12103,.,.,.,.,.,.,.,Inflammatory bowel disease,1.1,.,23128233,rs12103,8.00E-13,.,.,.,.,.,.,.,.,.,.,.,.,.,.,.,.,.,.,.,.,.,.,.,.,.,.,.,.,.,.,.,.,.,.,.,.,.,.,.,.,.,.,.,.,.,.,.,.,.,.,.,.,.,.,.,.,.,.,.,.,.,.,.,.,.,.,0.5585,0.1529,0.3277,0.8208,0.0139,0.7162,0.7959,0.6425,0.3806,0.5697,0.191,0.3862,0.7703,0.0182,0.7206,0.813,0.6992,het,69.84,4,1,1247494,rs12103,T,C,69.84,.,AC=1;AF=0.500;AN=2;BaseQRankSum=0.727;DB;DP=4;Dels=0.00;FS=6.021;HaplotypeScore=0.0000;MLEAC=1;MLEAF=0.500;MQ=60.00;MQ0=0;MQRankSum=-0.727;QD=17.46;ReadPosRankSum=0.727,GT:AD:DP:GQ:PL,"0/1:1,3:4:18:98,0,18"
1,1249187,1249187,G,A,exonic,INTS11,,synonymous SNV,"INTS11:NM_001256462:exon7:c.C588T:p.F196F,INTS11:NM_001256463:exon7:c.C579T:p.F193F,INTS11:NM_017871:exon9:c.C882T:p.F294F,INTS11:NM_001256460:exon10:c.C795T:p.F265F,INTS11:NM_001256456:exon11:c.C900T:p.F300F",0.31,0.065,0.44,0.019,0.81,0.34,0.5791,0.156,0.3152,0.0138,0.7382,0.7965,0.6473,0.3875,0.59,0.17,0.8,0.28,0.84,rs12142199,COSM4142284,1(thyroid),.,.,.,.,.,.,.,.,.,.,.,.,.,.,.,.,.,.,.,.,.,.,.,.,.,.,.,.,.,.,.,.,.,.,.,.,.,.,.,.,.,.,.,.,.,.,.,.,.,.,.,.,.,.,.,.,.,.,.,.,.,.,.,.,.,.,.,.,.,.,.,.,.,.,.,.,.,0.5798,0.1459,0.3345,0.8168,0.0142,0.728,0.7982,0.6567,0.3927,0.5528,0.1626,0.3759,0.7616,0.0179,0.7162,0.7961,0.6884,het,2590.77,148,1,1249187,rs12142199,G,A,2590.77,.,AC=1;AF=0.500;AN=2;BaseQRankSum=-0.189;DB;DP=148;Dels=0.00;FS=12.492;HaplotypeScore=1.7608;MLEAC=1;MLEAF=0.500;MQ=60.00;MQ0=0;MQRankSum=1.744;QD=17.51;ReadPosRankSum=-0.144,GT:AD:DP:GQ:PL,"0/1:67,81:148:99:2619,0,1898"
1,1254841,1254841,C,G,exonic,INTS11,,synonymous SNV,"INTS11:NM_017871:exon4:c.G264C:p.G88G,INTS11:NM_001256460:exon5:c.G177C:p.G59G,INTS11:NM_001256456:exon6:c.G282C:p.G94G",0.71,0.3,0.85,0.84,0.92,0.83,0.8476,0.3848,0.7911,0.8258,0.8814,0.9295,0.833,0.8477,0.75,0.4,0.93,0.59,0.85,rs10907179,.,.,.,.,.,.,.,.,.,.,.,.,.,.,.,.,.,.,.,.,.,.,.,.,.,.,.,.,.,.,.,.,.,.,.,.,.,.,.,.,.,.,.,.,.,.,.,.,.,.,.,.,.,.,.,.,.,.,.,.,.,.,.,.,.,.,.,.,.,.,.,.,.,.,.,.,.,.,.,0.8528,0.3695,0.796,0.9208,0.822,0.8757,0.9316,0.8665,0.8467,0.7582,0.3862,0.7661,0.9,0.8083,0.8683,0.9322,0.8806,hom,1664.77,53,1,1254841,rs10907179,C,G,1664.77,.,AC=2;AF=1.00;AN=2;DB;DP=53;Dels=0.00;FS=0.000;HaplotypeScore=0.0000;MLEAC=2;MLEAF=1.00;MQ=60.00;MQ0=0;QD=31.41,GT:AD:DP:GQ:PL,"1/1:0,53:53:99:1693,135,0"
1,1262966,1262966,C,T,exonic,CPTP,,synonymous SNV,CPTP:NM_001029885:exon3:c.C468T:p.R156R,0.76,0.48,0.87,0.83,0.92,0.83,0.8716,0.6069,0.8069,0.8336,0.8795,0.9301,0.8512,0.8483,0.81,0.58,0.93,0.69,0.84,rs307349,COSM3750295,1(large_intestine),.,.,.,.,.,.,.,.,.,.,.,.,.,.,.,.,.,.,.,.,.,.,.,.,.,.,.,.,.,.,.,.,.,.,.,.,.,.,.,.,.,.,.,.,.,.,.,.,.,.,.,.,.,.,.,.,.,.,.,.,.,.,.,.,.,.,.,.,.,.,.,.,.,.,.,.,.,0.8649,0.5567,0.8057,0.9213,0.8217,0.8673,0.9304,0.8765,0.8458,0.807,0.5607,0.778,0.9007,0.8083,0.8605,0.9318,0.8908,hom,163.9,5,1,1262966,rs307349,C,T,163.9,.,AC=2;AF=1.00;AN=2;DB;DP=5;Dels=0.00;FS=0.000;HaplotypeScore=0.0000;MLEAC=2;MLEAF=1.00;MQ=60.00;MQ0=0;QD=32.78,GT:AD:DP:GQ:PL,"1/1:0,5:5:15:192,15,0"
1,1269554,1269554,T,C,exonic,TAS1R3,,nonsynonymous SNV,TAS1R3:NM_152228:exon6:c.T2269C:p.C757R,0.95,0.98,0.98,0.91,0.97,0.92,0.9613,0.9873,0.988,0.9128,0.9366,0.9721,0.9321,0.9239,0.98,0.99,0.97,0.98,0.78,rs307377,COSM4142285,1(thyroid),.,.,.,.,.,.,.,.,.,.,.,1,0.01,T,0,0.026,B,0,0.013,B,0.048,0.233,N,1,0.09,P,-2.125,0.001,N,-2.22,0.871,D,4.08,0.001,N,0.026,0.165,-0.948,0.413,T,0,0,T,.,.,.,-2.119,0.007,0.001,0.506,0.043,0.083,0.141,N,c,-1.491,-1.411,1,0.462,0.421,0.056,0,-0.839,0.102,0.36,0.198,-0.332,0.074,0.075,0.22,0.351,0.246,1.084,0.015,GPCR family 3\x2c C-terminal,.,.,0.9604,0.9883,0.9874,0.9827,0.9124,0.9254,0.9725,0.9547,0.9216,0.9682,0.9884,0.9857,0.9702,0.921,0.9258,0.9712,0.9561,hom,1302.77,38,1,1269554,rs307377,T,C,1302.77,.,AC=2;AF=1.00;AN=2;DB;DP=38;Dels=0.00;FS=0.000;HaplotypeScore=0.0000;MLEAC=2;MLEAF=1.00;MQ=60.00;MQ0=0;QD=34.28,GT:AD:DP:GQ:PL,"1/1:0,38:38:99:1331,105,0"
1,1277533,1277533,T,C,exonic,DVL1,,synonymous SNV,"DVL1:NM_001330311:exon4:c.A366G:p.P122P,DVL1:NM_004421:exon4:c.A366G:p.P122P",1,1,1,1,0.99,1,0.9976,0.9998,0.9996,0.9977,0.9599,0.9978,0.9968,0.9984,1,1,1,0.99,0.69,rs307362,COSM3750299;COSM4784262,1(large_intestine),.,.,.,.,.,.,.,.,.,.,.,.,.,.,.,.,.,.,.,.,.,.,.,.,.,.,.,.,.,.,.,.,.,.,.,.,.,.,.,.,.,.,.,.,.,.,.,.,.,.,.,.,.,.,.,.,.,.,.,.,.,.,.,.,.,.,.,.,.,.,.,.,.,.,.,.,.,0.996,0.9999,0.9998,0.9999,0.9989,0.9678,0.9982,0.9988,0.9988,0.9954,0.9998,1,1,1,0.974,0.9971,0.9928,hom,154.9,8,1,1277533,rs307362,T,C,154.9,.,AC=2;AF=1.00;AN=2;DB;DP=8;Dels=0.00;FS=0.000;HaplotypeScore=0.0000;MLEAC=2;MLEAF=1.00;MQ=60.00;MQ0=0;QD=19.36,GT:AD:DP:GQ:PL,"1/1:2,6:8:15:183,15,0"
1,1290138,1290138,G,A,exonic,MXRA8,,synonymous SNV,"MXRA8:NM_001282584:exon4:c.C570T:p.V190V,MXRA8:NM_001282583:exon5:c.C846T:p.V282V,MXRA8:NM_001282585:exon5:c.C873T:p.V291V,MXRA8:NM_032348:exon5:c.C873T:p.V291V,MXRA8:NM_001282582:exon6:c.C873T:p.V291V",.,.,.,.,.,.,1.01E-05,0,0,0.0001,0,0,0,0,.,.,.,.,.,rs745370833,.,.,.,.,.,.,.,.,.,.,.,.,.,.,.,.,.,.,.,.,.,.,.,.,.,.,.,.,.,.,.,.,.,.,.,.,.,.,.,.,.,.,.,.,.,.,.,.,.,.,.,.,.,.,.,.,.,.,.,.,.,.,.,.,.,.,.,.,.,.,.,.,.,.,.,.,.,.,.,1.69E-05,0,0,0,0.0002,0,9.53E-06,0,0,3.24E-05,0,0,0,0.0006,0,0,0,het,60.77,5,1,1290138,.,G,A,60.77,.,AC=1;AF=0.500;AN=2;BaseQRankSum=0.358;DP=5;Dels=0.00;FS=3.979;HaplotypeScore=0.0000;MLEAC=1;MLEAF=0.500;MQ=60.00;MQ0=0;MQRankSum=0.358;QD=12.15;ReadPosRankSum=0.358,GT:AD:DP:GQ:PL,"0/1:2,3:5:55:89,0,55"
1,1387764,1387764,G,A,exonic,ATAD3C,,nonsynonymous SNV,ATAD3C:NM_001039211:exon3:c.G172A:p.G58R,0.28,0.2,0.33,0.38,0.16,0.37,0.2282,0.1774,0.3878,0.3727,0.2358,0.1549,0.2412,0.365,0.16,0.17,0.16,0.23,.,rs9793256,COSM3750307,1(bone);1(large_intestine),.,.,.,.,.,.,.,.,.,.,.,0.025,0.473,D,0.999,0.764,D,0.99,0.774,D,0,0.843,D,0,0.588,P,2.325,0.668,M,-3.49,0.946,D,-7.11,0.94,D,0.164,0.363,-1.539,0,T,0,0,T,.,.,.,5.411,0.733,26,0.82,0.135,0.958,0.66,D,c,0.401,0.229,0.907,0.262,0.646,0.45,0,2.18,0.267,8.17,0.895,0.788,0.318,1,0.715,0.792,0.334,11.694,0.506,ATPase family AAA domain-containing protein 3\x2c domain of unknown function DUF3523,ENSG00000215915.5|ENSG00000215915.5|ENSG00000215915.5|ENSG00000215915.5|ENSG00000215915.5|ENSG00000215915.5,Adipose_Subcutaneous|Brain_Caudate_basal_ganglia|Brain_Cortex|Esophagus_Muscularis|Liver|Nerve_Tibial,0.2346,0.1746,0.3745,0.1375,0.3709,0.241,0.1538,0.2124,0.3591,0.1892,0.1808,0.3254,0.15,0.3852,0.237,0.1543,0.199,het,950.77,115,1,1387764,rs9793256,G,A,950.77,.,AC=1;AF=0.500;AN=2;BaseQRankSum=-1.063;DB;DP=115;Dels=0.00;FS=15.955;HaplotypeScore=6.5744;MLEAC=1;MLEAF=0.500;MQ=55.03;MQ0=0;MQRankSum=1.392;QD=8.27;ReadPosRankSum=1.640,GT:AD:DP:GQ:PL,"0/1:73,40:115:99:979,0,2067"
1,1390875,1390875,C,T,exonic,ATAD3C,,synonymous SNV,ATAD3C:NM_001039211:exon5:c.C414T:p.D138D,0.43,0.53,0.43,0.5,0.19,0.45,0.3062,0.4774,0.5443,0.5,0.2722,0.1841,0.3097,0.429,0.28,0.47,0.19,0.41,.,rs1781147,COSM3930323,1(urinary_tract);1(large_intestine),.,.,.,.,.,.,.,.,.,.,.,.,.,.,.,.,.,.,.,.,.,.,.,.,.,.,.,.,.,.,.,.,.,.,.,.,.,.,.,.,.,.,.,.,.,.,.,.,.,.,.,.,.,.,.,.,.,.,.,.,.,.,.,.,.,.,.,.,.,.,.,.,.,.,.,.,.,0.3084,0.4782,0.524,0.1961,0.4952,0.2732,0.1779,0.2762,0.4227,0.3076,0.4912,0.4916,0.2318,0.5156,0.283,0.1791,0.2485,het,1151.77,96,1,1390875,rs1781147,C,T,1151.77,.,AC=1;AF=0.500;AN=2;BaseQRankSum=0.304;DB;DP=96;Dels=0.00;FS=1.814;HaplotypeScore=3.1403;MLEAC=1;MLEAF=0.500;MQ=43.05;MQ0=0;MQRankSum=5.199;QD=12.00;ReadPosRankSum=-0.948,GT:AD:DP:GQ:PL,"0/1:53,42:96:99:1180,0,1276"
1,1423286,1423286,C,G,exonic,ATAD3B,,nonsynonymous SNV,"ATAD3B:NM_001317238:exon10:c.C1120G:p.R374G,ATAD3B:NM_031921:exon12:c.C1258G:p.R420G",0.0028,0.0023,0.0014,0.001,0.003,0.0061,0.0351,0.0644,0.0907,0.0831,0.0777,0.0236,0.0256,0.0089,.,.,.,.,.,rs571285142,COSM4984865,7(soft_tissue);2(oesophagus),.,.,.,.,.,.,.,.,.,.,.,0.004,0.654,D,0.996,0.689,D,0.971,0.742,D,0,0.843,D,1,0.53,D,2.97,0.856,M,-3.43,0.944,D,-6.5,0.916,D,0.623,0.643,0.918,0.959,D,0.925,0.975,D,.,.,.,4.908,0.66,24.9,0.991,0.514,0.836,0.424,D,c,0.185,-0.099,0,0.048,0.672,0.522,0,1.49,0.219,0.916,0.281,0.551,0.283,1,0.715,0.06,0.171,8.183,0.303,AAA+ ATPase domain|ATPase\x2c AAA-type\x2c core|P-loop containing nucleoside triphosphate hydrolase,.,.,0.0195,0.0427,0.0305,0.0031,0.032,0.018,0.0182,0.01,0.0045,9.74E-05,0,0,0.0034,0,0,0.0001,0,het,88.77,76,1,1423286,.,C,G,88.77,.,AC=1;AF=0.500;AN=2;BaseQRankSum=-2.766;DP=76;Dels=0.00;FS=45.590;HaplotypeScore=2.5304;MLEAC=1;MLEAF=0.500;MQ=57.42;MQ0=0;MQRankSum=-2.686;QD=1.17;ReadPosRankSum=-1.727,GT:AD:DP:GQ:PL,"0/1:54,22:76:99:117,0,1268"
1,1424632,1424632,C,A,exonic,ATAD3B,,nonsynonymous SNV,"ATAD3B:NM_001317238:exon11:c.C1177A:p.H393N,ATAD3B:NM_031921:exon13:c.C1315A:p.H439N",0.0002,.,.,0.001,.,.,.,.,.,.,.,.,.,.,.,.,.,.,.,rs199745466,.,.,.,.,.,.,.,.,.,.,.,.,.,0.02,0.496,D,0,0.233,B,0.001,0.319,B,0,0.486,D,1,0.186,N,0.46,0.13,N,-3.52,0.947,D,-0.45,0.148,N,0.117,0.163,-0.526,0.677,T,0.588,0.852,D,0.139,0.822,D,1.752,0.272,14.71,0.782,0.118,0.426,0.267,N,c,-1.065,-1.144,0,0.06,0.707,0.73,0,-3.15,0.049,0.385,0.203,-1.192,0.016,0.88,0.307,0,0.016,8.255,0.307,AAA+ ATPase domain|ATPase\x2c AAA-type\x2c core|P-loop containing nucleoside triphosphate hydrolase,.,.,.,.,.,.,.,.,.,.,.,.,.,.,.,.,.,.,.,het,2049.77,141,1,1424632,rs199745466,C,A,2049.77,.,AC=1;AF=0.500;AN=2;BaseQRankSum=1.580;DB;DP=141;Dels=0.00;FS=2.367;HaplotypeScore=3.8853;MLEAC=1;MLEAF=0.500;MQ=59.81;MQ0=0;MQRankSum=0.434;QD=14.54;ReadPosRankSum=0.173,GT:AD:DP:GQ:PL,"0/1:67,74:141:99:2078,0,1690"
1,1430968,1430968,A,T,exonic,ATAD3B,,nonsynonymous SNV,"ATAD3B:NM_001317238:exon14:c.A1580T:p.K527M,ATAD3B:NM_031921:exon16:c.A1718T:p.K573M",0.0016,.,.,0.0079,.,.,0.0008,9.67E-05,8.66E-05,0.011,0,0,0.0022,6.09E-05,0.0001,0.0002,.,0.011,.,rs189192055,.,.,.,.,.,.,.,.,.,.,.,.,.,0.019,0.501,D,0.811,0.434,P,0.62,0.495,P,0.004,0.337,U,0.966,0.259,N,1.83,0.482,L,-3.34,0.94,D,-2.31,0.513,N,0.165,0.298,0.072,0.837,D,0.696,0.895,D,.,.,.,1.86,0.284,15.35,0.94,0.234,0.236,0.219,N,c,-0.561,-0.815,0,0.07,0.707,0.73,0,0.191,0.143,0.392,0.204,0.585,0.286,0.095,0.225,0.01,0.111,4.387,0.107,.,.,.,0.0007,6.54E-05,0,0,0.0096,0,0,0.0009,3.25E-05,0.0005,0,0,0,0.0087,0,0,0,het,608.77,32,1,1430968,rs189192055,A,T,608.77,.,AC=1;AF=0.500;AN=2;BaseQRankSum=-0.902;DB;DP=32;Dels=0.00;FS=0.000;HaplotypeScore=1.9991;MLEAC=1;MLEAF=0.500;MQ=60.00;MQ0=0;MQRankSum=1.034;QD=19.02;ReadPosRankSum=-1.826,GT:AD:DP:GQ:PL,"0/1:10,22:32:99:637,0,288"
1,1479333,1479333,A,G,exonic,SSU72,,synonymous SNV,SSU72:NM_014188:exon4:c.T399C:p.P133P,0.69,0.91,0.56,0.87,0.31,0.71,0.4601,0.8304,0.5888,0.8837,0.3289,0.284,0.4447,0.6767,0.47,0.82,0.29,0.67,0.24,rs7533,COSM3747545,1(liver),.,.,.,.,.,.,.,.,.,.,.,.,.,.,.,.,.,.,.,.,.,.,.,.,.,.,.,.,.,.,.,.,.,.,.,.,.,.,.,.,.,.,.,.,.,.,.,.,.,.,.,.,.,.,.,.,.,.,.,.,.,.,.,.,.,.,.,.,.,.,.,.,.,.,.,.,.,0.4575,0.8402,0.5854,0.319,0.8804,0.331,0.2818,0.4077,0.6726,0.4809,0.8295,0.5477,0.31,0.8821,0.3378,0.2746,0.3697,hom,3790.77,113,1,1479333,rs7533,A,G,3790.77,.,AC=2;AF=1.00;AN=2;DB;DP=113;Dels=0.00;FS=0.000;HaplotypeScore=0.0000;MLEAC=2;MLEAF=1.00;MQ=59.99;MQ0=0;QD=33.55,GT:AD:DP:GQ:PL,"1/1:0,112:113:99:3819,298,0"
1,1599812,1599812,C,T,exonic,SLC35E2B,,nonsynonymous SNV,"SLC35E2B:NM_001110781:exon8:c.G934A:p.V312I,SLC35E2B:NM_001290264:exon9:c.G934A:p.V312I",.,.,.,.,.,.,0.4744,0.4855,0.4951,0.4151,0.4862,0.4749,0.4904,0.4772,.,.,.,0.4,.,rs12729295,COSM3997010;COSM3997009,1(haematopoietic_and_lymphoid_tissue);8(thyroid);19(upper_aerodigestive_tract),.,.,.,.,.,.,.,.,.,.,.,.,.,.,0.384,0.327,B,0.064,0.257,B,0,0.629,D,0.001,0.452,P,.,.,.,.,.,.,.,.,.,0.265,0.322,-0.998,0.304,T,0,0,T,.,.,.,2.323,0.34,18.31,0.779,0.117,0.935,0.582,D,c,-0.244,-0.1,0.998,0.361,0.706,0.609,0,5.07,0.68,3.753,0.546,0.837,0.341,0.998,0.411,0.424,0.258,11.312,0.484,Sugar phosphate transporter domain,ENSG00000215790.2|ENSG00000272004.1|ENSG00000227775.3|ENSG00000189339.7|ENSG00000227775.3|ENSG00000272004.1|ENSG00000189339.7|ENSG00000227775.3|ENSG00000272004.1|ENSG00000189339.7|ENSG00000272004.1|ENSG00000227775.3|ENSG00000189339.7|ENSG00000227775.3|ENSG00000189339.7|ENSG00000272004.1|ENSG00000272004.1|ENSG00000227775.3|ENSG00000189339.7|ENSG00000272004.1|ENSG00000227775.3|ENSG00000189339.7|ENSG00000272004.1|ENSG00000227775.3|ENSG00000272004.1|ENSG00000189339.7|ENSG00000227775.3|ENSG00000272004.1|ENSG00000189339.7|ENSG00000227775.3|ENSG00000189339.7|ENSG00000272004.1|ENSG00000189339.7|ENSG00000272004.1|ENSG00000189339.7|ENSG00000272004.1|ENSG00000227775.3|ENSG00000189339.7|ENSG00000272004.1|ENSG00000227775.3|ENSG00000189339.7|ENSG00000272004.1|ENSG00000272004.1|ENSG00000227775.3|ENSG00000272004.1|ENSG00000189339.7|ENSG00000227775.3|ENSG00000272004.1|ENSG00000215790.2|ENSG00000272004.1|ENSG00000227775.3|ENSG00000189339.7|ENSG00000227775.3|ENSG00000189339.7|ENSG00000272004.1|ENSG00000227775.3|ENSG00000272004.1|ENSG00000189339.7|ENSG00000227775.3|ENSG00000189339.7|ENSG00000272004.1|ENSG00000272004.1|ENSG00000227775.3|ENSG00000189339.7|ENSG00000272004.1|ENSG00000227775.3|ENSG00000189339.7|ENSG00000227775.3|ENSG00000272004.1|ENSG00000189339.7|ENSG00000227775.3|ENSG00000272004.1|ENSG00000189339.7|ENSG00000227775.3|ENSG00000272004.1|ENSG00000272004.1|ENSG00000227775.3|ENSG00000189339.7|ENSG00000272004.1|ENSG00000227775.3|ENSG00000189339.7|ENSG00000272004.1|ENSG00000227775.3|ENSG00000189339.7|ENSG00000227775.3|ENSG00000189339.7|ENSG00000272004.1|ENSG00000227775.3|ENSG00000272004.1|ENSG00000189339.7|ENSG00000272004.1|ENSG00000272004.1|ENSG00000227775.3|ENSG00000272004.1|ENSG00000189339.7|ENSG00000272004.1|ENSG00000227775.3|ENSG00000189339.7|ENSG00000227775.3|ENSG00000272004.1|ENSG00000227775.3|ENSG00000189339.7|ENSG00000272004.1|ENSG00000227775.3|ENSG00000272004.1|ENSG00000189339.7|ENSG00000272004.1|ENSG00000227775.3|ENSG00000189339.7|ENSG00000272004.1|ENSG00000248333.3|ENSG00000227775.3|ENSG00000189339.7|ENSG00000272004.1|ENSG00000272004.1|ENSG00000272004.1|ENSG00000227775.3|ENSG00000189339.7,Adipose_Subcutaneous|Adipose_Subcutaneous|Adipose_Subcutaneous|Adipose_Subcutaneous|Adipose_Visceral_Omentum|Adipose_Visceral_Omentum|Adipose_Visceral_Omentum|Adrenal_Gland|Adrenal_Gland|Adrenal_Gland|Artery_Aorta|Artery_Aorta|Artery_Aorta|Artery_Coronary|Artery_Coronary|Artery_Coronary|Artery_Tibial|Artery_Tibial|Artery_Tibial|Brain_Anterior_cingulate_cortex_BA24|Brain_Caudate_basal_ganglia|Brain_Caudate_basal_ganglia|Brain_Caudate_basal_ganglia|Brain_Cerebellar_Hemisphere|Brain_Cerebellar_Hemisphere|Brain_Cerebellar_Hemisphere|Brain_Cerebellum|Brain_Cerebellum|Brain_Cerebellum|Brain_Cortex|Brain_Cortex|Brain_Cortex|Brain_Frontal_Cortex_BA9|Brain_Frontal_Cortex_BA9|Brain_Hippocampus|Brain_Hippocampus|Brain_Hypothalamus|Brain_Hypothalamus|Brain_Hypothalamus|Brain_Nucleus_accumbens_basal_ganglia|Brain_Nucleus_accumbens_basal_ganglia|Brain_Nucleus_accumbens_basal_ganglia|Brain_Putamen_basal_ganglia|Breast_Mammary_Tissue|Breast_Mammary_Tissue|Breast_Mammary_Tissue|Cells_EBV-transformed_lymphocytes|Cells_EBV-transformed_lymphocytes|Cells_Transformed_fibroblasts|Cells_Transformed_fibroblasts|Cells_Transformed_fibroblasts|Cells_Transformed_fibroblasts|Colon_Sigmoid|Colon_Sigmoid|Colon_Sigmoid|Colon_Transverse|Colon_Transverse|Colon_Transverse|Esophagus_Gastroesophageal_Junction|Esophagus_Gastroesophageal_Junction|Esophagus_Gastroesophageal_Junction|Esophagus_Mucosa|Esophagus_Mucosa|Esophagus_Mucosa|Esophagus_Muscularis|Esophagus_Muscularis|Esophagus_Muscularis|Heart_Atrial_Appendage|Heart_Atrial_Appendage|Heart_Atrial_Appendage|Heart_Left_Ventricle|Heart_Left_Ventricle|Heart_Left_Ventricle|Liver|Liver|Lung|Lung|Lung|Muscle_Skeletal|Muscle_Skeletal|Muscle_Skeletal|Nerve_Tibial|Nerve_Tibial|Nerve_Tibial|Ovary|Ovary|Ovary|Pancreas|Pancreas|Pancreas|Pituitary|Prostate|Skin_Not_Sun_Exposed_Suprapubic|Skin_Not_Sun_Exposed_Suprapubic|Skin_Not_Sun_Exposed_Suprapubic|Skin_Sun_Exposed_Lower_leg|Skin_Sun_Exposed_Lower_leg|Skin_Sun_Exposed_Lower_leg|Small_Intestine_Terminal_Ileum|Small_Intestine_Terminal_Ileum|Spleen|Spleen|Spleen|Stomach|Stomach|Stomach|Testis|Testis|Testis|Thyroid|Thyroid|Thyroid|Thyroid|Uterus|Vagina|Whole_Blood|Whole_Blood|Whole_Blood,0.4656,0.4525,0.4976,0.4459,0.4149,0.467,0.4634,0.471,0.4773,0.5472,0.484,0.6086,0.5345,0.4782,0.5906,0.5803,0.5684,het,1228.77,108,1,1599812,rs12729295,C,T,1228.77,.,AC=1;AF=0.500;AN=2;BaseQRankSum=1.144;DB;DP=108;Dels=0.00;FS=12.196;HaplotypeScore=0.0000;MLEAC=1;MLEAF=0.500;MQ=25.05;MQ0=40;MQRankSum=2.345;QD=11.38;ReadPosRankSum=1.873,GT:AD:DP:GQ:PL,"0/1:44,64:108:99:1257,0,448"
1,1599888,1599888,A,G,exonic,SLC35E2B,,synonymous SNV,"SLC35E2B:NM_001110781:exon8:c.T858C:p.S286S,SLC35E2B:NM_001290264:exon9:c.T858C:p.S286S",.,.,.,.,.,.,0.5105,0.7351,0.4896,0.4662,0.5003,0.4908,0.4955,0.5048,.,.,.,0.58,.,rs2072923,COSM4591733;COSM4591732,20(upper_aerodigestive_tract);1(large_intestine),.,.,.,.,.,.,.,.,.,.,.,.,.,.,.,.,.,.,.,.,.,.,.,0,0.81,P,.,.,.,.,.,.,.,.,.,.,.,.,.,.,.,.,.,.,.,.,0.073,0.101,3.326,0.494,0.041,0.074,0.132,N,n,0.435,0.509,0,0.064,0.706,0.609,0,-3.72,0.041,-0.521,0.063,-1.762,0.007,0.048,0.211,0.141,0.202,16.23,0.821,.,.,.,0.5297,0.8045,0.5268,0.5027,0.5163,0.5017,0.5036,0.5278,0.5292,0.7833,0.9021,0.7135,0.686,0.6448,0.732,0.7416,0.7469,het,637.77,102,1,1599888,rs2072923,A,G,637.77,.,AC=1;AF=0.500;AN=2;BaseQRankSum=3.141;DB;DP=102;Dels=0.00;FS=33.185;HaplotypeScore=0.0000;MLEAC=1;MLEAF=0.500;MQ=26.11;MQ0=20;MQRankSum=3.776;QD=6.25;ReadPosRankSum=0.422,GT:AD:DP:GQ:PL,"0/1:54,47:102:99:666,0,912"
1,1663939,1663939,G,A,exonic,SLC35E2,,synonymous SNV,SLC35E2:NM_182838:exon6:c.C756T:p.V252V,0.0002,.,.,0.001,.,.,1.06E-05,0,0,0,0,1.90E-05,0,0,.,.,.,.,.,rs201312785,COSM4395470,1(skin),.,.,.,.,.,.,.,.,.,.,.,.,.,.,.,.,.,.,.,.,.,.,.,.,.,.,.,.,.,.,.,.,.,.,.,.,.,.,.,.,.,.,.,.,.,.,.,.,.,.,.,.,.,.,.,.,.,.,.,.,.,.,.,.,.,.,.,.,.,.,.,.,.,.,.,.,.,8.86E-06,0,0,0,0,4.80E-05,9.65E-06,0,0,.,.,.,.,.,.,.,.,het,592.77,48,1,1663939,rs201312785,G,A,592.77,.,AC=1;AF=0.500;AN=2;BaseQRankSum=-0.486;DB;DP=48;Dels=0.00;FS=2.750;HaplotypeScore=0.0000;MLEAC=1;MLEAF=0.500;MQ=60.00;MQ0=0;MQRankSum=-0.433;QD=12.35;ReadPosRankSum=-0.276,GT:AD:DP:GQ:PL,"0/1:23,24:48:99:621,0,524"
1,1666175,1666175,C,T,exonic,SLC35E2,,nonsynonymous SNV,"SLC35E2:NM_182838:exon5:c.G686A:p.R229H,SLC35E2:NM_001199787:exon6:c.G686A:p.R229H",.,.,.,.,.,.,0.4048,0.2448,0.4569,0.3259,0.4129,0.4409,0.4328,0.3887,.,.,.,.,0.2,rs61777509,COSM4142977,3(haematopoietic_and_lymphoid_tissue);2(oesophagus);1(lung);3(thyroid);17(upper_aerodigestive_tract);1(large_intestine),.,.,.,.,.,.,.,.,.,.,.,0.184,0.313,T,0.989,0.609,D,0.477,0.455,P,0.002,0.382,U,0.947,0.266,N,0.895,0.225,L,.,.,.,-0.62,0.183,N,0.255,0.311,-1.082,0.069,T,0,0.001,T,.,.,.,3.351,0.461,22.9,0.996,0.735,0.863,0.453,D,c,-0.004,-0.023,0.434,0.204,0.732,0.924,0,3,0.336,4.353,0.589,0.62,0.289,1,0.715,0.817,0.342,7.745,0.279,.,.,.,0.3075,0.088,0.2931,0.3425,0.1221,0.4248,0.3581,0.3075,0.2544,0.0486,0.012,0.078,0.1062,0.0369,0.0815,0.0645,0.0493,het,243.77,104,1,1666175,rs61777509,C,T,243.77,.,AC=1;AF=0.500;AN=2;BaseQRankSum=1.209;DB;DP=104;Dels=0.00;FS=1.077;HaplotypeScore=2.2408;MLEAC=1;MLEAF=0.500;MQ=23.40;MQ0=43;MQRankSum=-2.604;QD=2.34;ReadPosRankSum=-2.295,GT:AD:DP:GQ:PL,"0/1:67,37:104:99:272,0,1106"
1,1666251,1666251,G,A,exonic,SLC35E2,,nonsynonymous SNV,"SLC35E2:NM_182838:exon5:c.C610T:p.R204W,SLC35E2:NM_001199787:exon6:c.C610T:p.R204W",.,.,.,.,.,.,0.3081,0.0371,0.3681,0.2362,0.387,0.3577,0.3267,0.2594,.,.,.,0.2,0.066,rs77655487,COSM3802701,1(breast);1(haematopoietic_and_lymphoid_tissue);2(skin);2(thyroid);15(upper_aerodigestive_tract);1(large_intestine);1(biliary_tract),.,.,.,.,.,.,.,.,.,.,.,0.048,0.4,D,0.001,0.067,B,0.001,0.04,B,0,0.46,U,0.995,0.233,P,-0.11,0.046,N,.,.,.,3.3,0.001,N,0.205,0.251,-1.131,0.017,T,0.054,0.227,T,.,.,.,1.682,0.263,14.3,0.817,0.134,0.014,0.048,N,c,-1.426,-1.473,0.004,0.104,0.732,0.924,0,-6.01,0.02,-0.501,0.064,-0.283,0.084,0.086,0.223,0.467,0.265,13.619,0.614,.,.,.,0.3464,0.0591,0.462,0.3351,0.3558,0.3313,0.3767,0.3932,0.2916,0.5131,0.1699,0.6997,0.6348,0.5015,0.6761,0.7094,0.6806,het,405.77,114,1,1666251,rs77655487,G,A,405.77,.,AC=1;AF=0.500;AN=2;BaseQRankSum=-2.107;DB;DP=114;Dels=0.00;FS=20.616;HaplotypeScore=2.3639;MLEAC=1;MLEAF=0.500;MQ=22.94;MQ0=29;MQRankSum=0.924;QD=3.56;ReadPosRankSum=1.183,GT:AD:DP:GQ:PL,"0/1:68,42:114:99:434,0,1103"
1,1684472,1684472,C,T,exonic,NADK,,synonymous SNV,"NADK:NM_001198995:exon10:c.G1116A:p.P372P,NADK:NM_001198993:exon12:c.G1212A:p.P404P,NADK:NM_023018:exon12:c.G1212A:p.P404P,NADK:NM_001198994:exon14:c.G1647A:p.P549P",0.34,0.055,0.56,0.35,0.51,0.39,0.465,0.1311,0.6096,0.3703,0.5404,0.5103,0.4858,0.3946,0.38,0.12,0.51,0.27,0.46,rs7407,COSM1747914;COSM1747915;COSM1747913,1(urinary_tract);1(liver),.,.,.,.,.,.,.,.,.,.,.,.,.,.,.,.,.,.,.,.,.,.,.,.,.,.,.,.,.,.,.,.,.,.,.,.,.,.,.,.,.,.,.,.,.,.,.,.,.,.,.,.,.,.,.,.,.,.,.,.,.,.,.,.,.,.,.,.,.,.,.,.,.,.,.,.,.,0.4579,0.1074,0.5917,0.403,0.3397,0.5149,0.502,0.4697,0.3718,0.4024,0.1194,0.5933,0.351,0.3579,0.5192,0.53,0.4856,het,926.77,96,1,1684472,rs7407,C,T,926.77,.,AC=1;AF=0.500;AN=2;BaseQRankSum=-2.997;DB;DP=96;Dels=0.00;FS=0.871;HaplotypeScore=6.4666;MLEAC=1;MLEAF=0.500;MQ=60.00;MQ0=0;MQRankSum=-0.840;QD=9.65;ReadPosRankSum=0.840,GT:AD:DP:GQ:PL,"0/1:40,55:96:99:955,0,959"
1,1686040,1686040,G,T,exonic,NADK,,nonsynonymous SNV,"NADK:NM_001198995:exon6:c.C690A:p.N230K,NADK:NM_001198993:exon8:c.C786A:p.N262K,NADK:NM_023018:exon8:c.C786A:p.N262K,NADK:NM_001198994:exon10:c.C1221A:p.N407K",0.25,0.05,0.27,0.28,0.41,0.31,0.3564,0.0973,0.258,0.26,0.378,0.4307,0.3789,0.3291,0.32,0.11,0.42,0.18,0.37,rs4751,COSM424509;COSM3750562;COSM1472949,1(large_intestine),.,.,.,.,.,.,.,.,.,.,.,0.109,0.302,T,0.562,0.365,P,0.229,0.365,B,0,0.629,D,0.967,0.282,P,1.075,0.273,L,0.93,0.441,T,-1.04,0.273,N,0.029,0.101,-0.956,0.399,T,0,0,T,.,.,.,-0.26,0.071,0.815,0.683,0.084,0.381,0.257,N,c,-1.473,-1.536,0.99,0.318,0.672,0.522,0,-1.93,0.071,-1.13,0.033,-1.814,0.006,0.005,0.169,0.001,0.043,13.146,0.587,NAD kinase/diacylglycerol kinase-like domain,ENSG00000231050.1|ENSG00000008130.11|ENSG00000008130.11|ENSG00000178821.8|ENSG00000008130.11|ENSG00000169885.5|ENSG00000008130.11|ENSG00000178821.8|ENSG00000178821.8|ENSG00000231050.1|ENSG00000178821.8|ENSG00000231050.1,Adipose_Subcutaneous|Artery_Tibial|Brain_Cerebellar_Hemisphere|Esophagus_Mucosa|Heart_Atrial_Appendage|Muscle_Skeletal|Muscle_Skeletal|Muscle_Skeletal|Skin_Not_Sun_Exposed_Suprapubic|Skin_Sun_Exposed_Lower_leg|Skin_Sun_Exposed_Lower_leg|Whole_Blood,0.3551,0.0907,0.2534,0.4895,0.2654,0.3786,0.4252,0.3985,0.327,0.3038,0.102,0.2638,0.4967,0.2516,0.3773,0.4042,0.3671,het,320.77,37,1,1686040,rs4751,G,T,320.77,.,AC=1;AF=0.500;AN=2;BaseQRankSum=0.496;DB;DP=37;Dels=0.00;FS=1.377;HaplotypeScore=2.4448;MLEAC=1;MLEAF=0.500;MQ=60.00;MQ0=0;MQRankSum=0.106;QD=8.67;ReadPosRankSum=-0.780,GT:AD:DP:GQ:PL,"0/1:22,15:37:99:349,0,661"
1,1849529,1849529,A,G,exonic,TMEM52,,nonsynonymous SNV,TMEM52:NM_178545:exon5:c.T422C:p.M141T,0.35,0.053,0.51,0.46,0.49,0.39,0.4434,0.1063,0.563,0.46,0.4739,0.4874,0.4631,0.3723,0.37,0.12,0.5,0.26,0.53,rs28640257,COSM3927618;COSM146377,1(stomach);2(pancreas);1(prostate);1(large_intestine),.,.,.,.,.,.,.,.,.,.,.,0.15,0.294,T,0.002,0.144,B,0.002,0.127,B,0.012,0.293,N,1,0.09,P,1.1,0.281,L,1.49,0.315,T,-2.58,0.556,D,0.05,0.031,-0.913,0.464,T,0,0,T,.,.,.,-0.307,0.068,0.641,0.744,0.103,0.034,0.085,N,c,-0.998,-0.987,1,0.401,0.767,0.994,0,0.201,0.144,1.22,0.319,0.238,0.266,0.013,0.187,0.879,0.368,3.361,0.067,.,ENSG00000231050.1|ENSG00000231050.1|ENSG00000178821.8|ENSG00000142609.13|ENSG00000008130.11|ENSG00000169885.5|ENSG00000178821.8|ENSG00000231050.1|ENSG00000178821.8|ENSG00000231050.1|ENSG00000178821.8|ENSG00000231050.1|ENSG00000142609.13|ENSG00000231050.1,Adipose_Subcutaneous|Colon_Transverse|Esophagus_Mucosa|Liver|Lung|Muscle_Skeletal|Muscle_Skeletal|Pituitary|Skin_Not_Sun_Exposed_Suprapubic|Skin_Sun_Exposed_Lower_leg|Skin_Sun_Exposed_Lower_leg|Stomach|Testis|Thyroid,0.4544,0.1013,0.5653,0.3916,0.4577,0.4739,0.4937,0.4604,0.3692,0.3893,0.1105,0.5716,0.3567,0.4721,0.4696,0.5109,0.4497,het,793.77,83,1,1849529,rs28640257,A,G,793.77,.,AC=1;AF=0.500;AN=2;BaseQRankSum=3.073;DB;DP=83;Dels=0.00;FS=4.035;HaplotypeScore=2.6647;MLEAC=1;MLEAF=0.500;MQ=60.00;MQ0=0;MQRankSum=-1.571;QD=9.56;ReadPosRankSum=0.562,GT:AD:DP:GQ:PL,"0/1:49,33:83:99:822,0,1255"
1,1854109,1854109,A,G,exonic,CFAP74,,synonymous SNV,CFAP74:NM_001304360:exon38:c.T4737C:p.S1579S,0.6,0.56,0.62,0.64,0.54,0.66,0.5677,0.523,0.6668,0.6456,0.5492,0.5308,0.5572,0.6402,0.53,0.52,0.54,0.53,0.6,rs2803348,COSM146378,1(stomach),.,.,.,.,.,.,.,.,.,.,.,.,.,.,.,.,.,.,.,.,.,.,.,.,.,.,.,.,.,.,.,.,.,.,.,.,.,.,.,.,.,.,.,.,.,.,.,.,.,.,.,.,.,.,.,.,.,.,.,.,.,.,.,.,.,.,.,.,.,.,.,.,.,.,.,.,.,0.5719,0.5231,0.6658,0.4466,0.6517,0.5431,0.5366,0.5471,0.6385,0.5546,0.5203,0.6675,0.43,0.671,0.5427,0.5604,0.5624,het,1006.77,60,1,1854109,rs2803348,A,G,1006.77,.,AC=1;AF=0.500;AN=2;BaseQRankSum=1.241;DB;DP=60;Dels=0.00;FS=4.503;HaplotypeScore=5.4324;MLEAC=1;MLEAF=0.500;MQ=60.00;MQ0=0;MQRankSum=0.871;QD=16.78;ReadPosRankSum=-1.188,GT:AD:DP:GQ:PL,"0/1:26,34:60:99:1035,0,635"
1,1960674,1960674,C,T,exonic,GABRD,,synonymous SNV,GABRD:NM_000815:exon7:c.C816T:p.S272S,0.2,0.012,0.21,0.44,0.11,0.28,0.2873,0.0574,0.4576,0.583,0.3935,0.2597,0.2736,0.2879,0.098,0.032,0.13,0.15,0.033,rs28408173,COSM5619049,1(breast),Benign,not_specified,RCV000248963.1,MedGen,CN169374,.,.,.,.,.,.,.,.,.,.,.,.,.,.,.,.,.,.,.,.,.,.,.,.,.,.,.,.,.,.,.,.,.,.,.,.,.,.,.,.,.,.,.,.,.,.,.,.,.,.,.,.,.,.,.,.,.,.,.,.,.,.,.,.,.,.,.,.,.,.,.,.,0.1923,0.031,0.2388,0.115,0.4728,0.1773,0.1437,0.1686,0.2548,0.1366,0.0339,0.2081,0.1192,0.4474,0.1809,0.1466,0.1718,het,696.77,46,1,1960674,rs28408173,C,T,696.77,.,AC=1;AF=0.500;AN=2;BaseQRankSum=-1.233;DB;DP=46;Dels=0.00;FS=1.260;HaplotypeScore=1.5226;MLEAC=1;MLEAF=0.500;MQ=60.00;MQ0=0;MQRankSum=0.953;QD=15.15;ReadPosRankSum=-1.360,GT:AD:DP:GQ:PL,"0/1:20,26:46:99:725,0,533"
1,1987993,1987993,T,C,exonic,PRKCZ,,synonymous SNV,PRKCZ:NM_002744:exon3:c.T264C:p.D88D,0.67,0.89,0.4,0.95,0.34,0.62,0.4623,0.8306,0.4527,0.9513,0.3346,0.3326,0.4106,0.5557,0.5,0.82,0.34,0.66,0.34,rs12184,COSM4143144;COSM4143143,1(breast);2(thyroid),.,.,.,.,.,.,.,.,.,.,.,.,.,.,.,.,.,.,.,.,.,.,.,.,.,.,.,.,.,.,.,.,.,.,.,.,.,.,.,.,.,.,.,.,.,.,.,.,.,.,.,.,.,.,.,.,.,.,.,.,.,.,.,.,.,.,.,.,.,.,.,.,.,.,.,.,.,0.4544,0.8396,0.4395,0.4454,0.951,0.3319,0.3281,0.4179,0.5569,0.5054,0.8265,0.4329,0.4503,0.9659,0.3379,0.3197,0.3906,hom,3739.77,112,1,1987993,rs12184,T,C,3739.77,.,AC=2;AF=1.00;AN=2;DB;DP=112;Dels=0.00;FS=0.000;HaplotypeScore=7.9392;MLEAC=2;MLEAF=1.00;MQ=60.00;MQ0=0;QD=33.39,GT:AD:DP:GQ:PL,"1/1:0,111:112:99:3768,298,0"
1,1991014,1991014,A,G,exonic,PRKCZ,,synonymous SNV,PRKCZ:NM_002744:exon4:c.A318G:p.P106P,0.24,0.072,0.2,0.48,0.19,0.29,0.2079,0.0888,0.2079,0.4772,0.1971,0.183,0.1933,0.2479,0.15,0.092,0.18,0.18,0.14,rs1878745,COSM146379;COSM146380,1(stomach);1(haematopoietic_and_lymphoid_tissue);9(soft_tissue);1(biliary_tract),.,.,.,.,.,.,.,.,.,.,.,.,.,.,.,.,.,.,.,.,.,.,.,.,.,.,.,.,.,.,.,.,.,.,.,.,.,.,.,.,.,.,.,.,.,.,.,.,.,.,.,.,.,.,.,.,.,.,.,.,.,.,.,.,.,.,.,.,.,.,.,.,.,.,.,.,.,0.2109,0.0918,0.2066,0.2582,0.4784,0.1974,0.1756,0.2176,0.2463,0.1703,0.0874,0.2153,0.2384,0.5,0.1981,0.172,0.1796,hom,5910.77,183,1,1991014,rs1878745,A,G,5910.77,.,AC=2;AF=1.00;AN=2;DB;DP=183;Dels=0.00;FS=0.000;HaplotypeScore=9.4109;MLEAC=2;MLEAF=1.00;MQ=59.94;MQ0=0;QD=32.30,GT:AD:DP:GQ:PL,"1/1:1,182:183:99:5939,463,0"
1,2441358,2441358,T,C,exonic,PANK4,,nonsynonymous SNV,PANK4:NM_018216:exon18:c.A2075G:p.Q692R,0.46,0.71,0.34,0.47,0.21,0.45,0.3294,0.6698,0.3925,0.445,0.2712,0.2349,0.299,0.4058,0.37,0.66,0.22,0.45,0.16,rs2494620,COSM330287,1(haematopoietic_and_lymphoid_tissue);1(urinary_tract);2(large_intestine),.,.,.,.,.,.,.,.,.,.,.,0.613,0.054,T,0,0.026,B,0,0.04,B,0.1,0.199,N,1,0.09,P,-0.145,0.044,N,3.31,0.063,T,-0.15,0.095,N,0.016,0.003,-1.062,0.112,T,0,0,T,.,.,.,-1.004,0.032,0.016,0.428,0.031,0.027,0.073,N,c,-1.607,-1.562,0.929,0.269,0.672,0.522,0,-0.23,0.124,-1.142,0.033,-0.34,0.072,0,0.063,0.049,0.163,10.247,0.423,Domain of unknown function DUF89,ENSG00000229393.1|ENSG00000224387.1|ENSG00000229393.1|ENSG00000224387.1|ENSG00000142606.11|ENSG00000229393.1|ENSG00000224387.1|ENSG00000229393.1|ENSG00000224387.1,Brain_Cerebellum|Brain_Cerebellum|Esophagus_Mucosa|Esophagus_Mucosa|Lung|Skin_Not_Sun_Exposed_Suprapubic|Skin_Not_Sun_Exposed_Suprapubic|Skin_Sun_Exposed_Lower_leg|Skin_Sun_Exposed_Lower_leg,0.3116,0.6708,0.3733,0.2713,0.4376,0.2345,0.223,0.2811,0.39,0.3675,0.6556,0.3473,0.2781,0.4394,0.2434,0.2306,0.2716,het,934.77,78,1,2441358,rs2494620,T,C,934.77,.,AC=1;AF=0.500;AN=2;BaseQRankSum=1.865;DB;DP=78;Dels=0.00;FS=4.812;HaplotypeScore=2.3113;MLEAC=1;MLEAF=0.500;MQ=60.00;MQ0=0;MQRankSum=-1.342;QD=11.98;ReadPosRankSum=-0.330,GT:AD:DP:GQ:PL,"0/1:43,35:78:99:963,0,1186"
1,2444414,2444414,G,A,exonic,PANK4,,nonsynonymous SNV,PANK4:NM_018216:exon13:c.C1664T:p.A555V,0.23,0.014,0.3,0.3,0.39,0.21,0.3141,0.0663,0.2257,0.3693,0.3522,0.3738,0.3457,0.2456,0.27,0.072,0.37,0.21,0.43,rs7535528,COSM3746888,1(liver);1(thyroid);1(large_intestine),.,.,.,.,.,.,.,.,.,.,.,0.086,0.496,T,0.769,0.419,P,0.119,0.306,B,0.364,0.136,N,1,0.09,P,2.18,0.615,M,3.19,0.074,T,-2.49,0.561,N,0.034,0.42,-0.867,0.508,T,0,0,T,.,.,.,3.13,0.436,22.6,0.996,0.735,0.655,0.325,D,c,-0.119,-0.125,1,0.747,0.672,0.522,0,5.59,0.846,3.998,0.565,1.045,0.669,0.61,0.276,0.006,0.095,18.568,0.91,Domain of unknown function DUF89,ENSG00000142606.11|ENSG00000228037.1|ENSG00000142606.11,Lung|Spleen|Whole_Blood,0.3154,0.0612,0.2312,0.374,0.3638,0.3504,0.3754,0.3433,0.2406,0.2736,0.0717,0.2614,0.3709,0.3758,0.3532,0.358,0.3078,het,507.77,36,1,2444414,rs7535528,G,A,507.77,.,AC=1;AF=0.500;AN=2;BaseQRankSum=-0.981;DB;DP=36;Dels=0.00;FS=0.000;HaplotypeScore=5.1659;MLEAC=1;MLEAF=0.500;MQ=59.41;MQ0=0;MQRankSum=0.701;QD=14.10;ReadPosRankSum=-0.300,GT:AD:DP:GQ:PL,"0/1:13,22:36:99:536,0,393"
