{
    "resourceType": "Observation",
    "status": "final",
    "category": [
        {
            "coding": [
                {
                    "system": "http://terminology.hl7.org/CodeSystem/observation-category",
                    "code": "laboratory",
                    "display": "Laboratory"
                }
            ]
        }
    ],
    "code": {
        "coding": [
            {
                "system": "http://loinc.org",
                "code": "69548-6",
                "display": "Genetic variant assessment"
            }
        ]
    },
    "method": {
        "coding": [
            {
                "system": "http://loinc.org",
                "code": "LA26398-0",
                "display": "Sequencing"
            }
        ]
    },
    "subject": {
        "reference": "Patient/9220"
    },
    "specimen": {
        "reference": "Specimen/2963",
        "type": "Specimen"
    },
    "effectiveDateTime": "2019-04-01",
    "valueCodeableConcept": {
        "coding": [
            {
                "system": "http://loinc.org",
                "code": "LA9633-4",
                "display": "Present"
            }
        ]
    },
    "component": [
        {
            "code": {
                "coding": [
                    {
                        "system": "http://loinc.org",
                        "code": "48018-6"
                    }
                ]
            },
            "valueCodeableConcept": {
                "coding": [
                    {
                        "system": "http://www.genenames.org",
                        "code": "HGNC:3236",
                        "display": "EGFR"
                    }
                ]
            }
        },
        {
            "code": {
                "coding": [
                    {
                        "system": "http://loinc.org",
                        "code": "48005-3"
                    }
                ]
            },
            "valueCodeableConcept": {
                "coding": [
                    {
                        "system": "http://varnomen.hgvs.org",
                        "code": "p.Thr790Met"
                    }
                ]
            }
        },
        {
            "code": {
                "coding": [
                    {
                        "system": "http://loinc.org",
                        "code": "48002-0"
                    }
                ]
            },
            "valueCodeableConcept": {
                "coding": [
                    {
                        "system": " https://loinc.org/LL378-1",
                        "code": "LA6683-2",
                        "display": "Germline"
                    }
                ]
            }
        }
    ]
}